data,dominio,nome_bloco,impressoes,cliques,receita_bruta,receita_liquida,ecpm,taxa_correspondencia_programatica
2026-07-22,app.mkuker.com,apm_mobile_interstitial,1,0,0.02,0.02,23.1,100
2026-07-22,app.mkuker.com,apm_mobile_top,20,0,0.1,0.09,5.09,100
2026-07-22,app.mkuker.com,apm_rewarded,18,0,2.29,2.06,127.28,100
2026-07-22,mkuker.com,aat_desktop_content_1,1,0,0,0,2.28,100
2026-07-22,mkuker.com,aat_desktop_interstitial,2,0,0.03,0.03,17.24,100
2026-07-22,mkuker.com,aat_desktop_top,19,0,0.03,0.03,1.81,100
2026-07-22,mkuker.com,aat_mobile_anchor,75,0,0.18,0.16,2.39,100
2026-07-22,mkuker.com,aat_mobile_content_1,33,0,0.08,0.07,2.49,100
2026-07-22,mkuker.com,aat_mobile_content_2,158,0,0.29,0.26,1.85,100
2026-07-22,mkuker.com,aat_mobile_interstitial,51,0,1.08,0.97,21.14,100
2026-07-22,mkuker.com,aat_mobile_top,521,0,0.8,0.72,1.53,100
2026-07-22,mkuker.com,aat_mobile_top_rebid,9,0,0.04,0.04,4.42,100
2026-07-22,mkuker.com,aat_rewarded,198,0,11.19,10.07,56.52,100
2026-07-22,mkuker.com,mku_desktop_interstitial,9,0,0.45,0.41,50.2,100
2026-07-22,mkuker.com,mku_desktop_top,63,0,0.7,0.63,11.11,100
2026-07-22,mkuker.com,mku_mobile_interstitial,931,0,102.11,91.9,109.67,100
2026-07-22,mkuker.com,mku_mobile_top,14618,0,342.66,308.39,23.44,100
2026-07-22,mkuker.com,mku_rewarded,3976,0,930.66,837.59,234.07,100
2026-07-23,app.mkuker.com,apm_mobile_interstitial,2,0,0.1,0.09,51.53,100
2026-07-23,app.mkuker.com,apm_mobile_top,24,0,0.16,0.14,6.67,100
2026-07-23,app.mkuker.com,apm_rewarded,15,0,1.5,1.35,99.81,100
2026-07-23,app.mkuker.com,apm_rewarded_rebid,1,0,0.25,0.23,245.33,100
2026-07-23,mkuker.com,aat_desktop_content_1,3,0,0.01,0.01,3.02,100
2026-07-23,mkuker.com,aat_desktop_interstitial,2,0,0.08,0.07,40.07,100
2026-07-23,mkuker.com,aat_desktop_top,15,0,0.05,0.05,3.24,100
2026-07-23,mkuker.com,aat_mobile_anchor,36,0,0.08,0.07,2.12,100
2026-07-23,mkuker.com,aat_mobile_anchor_rebid,1,0,0,0,0.29,100
2026-07-23,mkuker.com,aat_mobile_content_1,18,0,0.1,0.09,5.73,100
2026-07-23,mkuker.com,aat_mobile_content_2,85,0,0.34,0.31,4.05,100
2026-07-23,mkuker.com,aat_mobile_interstitial,25,0,0.66,0.59,26.59,100
2026-07-23,mkuker.com,aat_mobile_top,534,0,0.75,0.68,1.4,100
2026-07-23,mkuker.com,aat_mobile_top_rebid,6,0,0.01,0.01,0.86,100
2026-07-23,mkuker.com,aat_rewarded,184,0,11.56,10.4,62.83,100
2026-07-23,mkuker.com,mku_desktop_interstitial,2,0,0.29,0.26,146.69,100
2026-07-23,mkuker.com,mku_desktop_top,18,0,0.44,0.4,24.65,100
2026-07-23,mkuker.com,mku_mobile_interstitial,499,0,52.64,47.38,105.5,100
2026-07-23,mkuker.com,mku_mobile_top,8234,0,187.3,168.57,22.75,100
2026-07-23,mkuker.com,mku_rewarded,1914,0,442.76,398.48,231.33,100
2026-07-24,app.mkuker.com,apm_mobile_interstitial,3,0,0.09,0.08,29.55,100
2026-07-24,app.mkuker.com,apm_mobile_top,26,0,0.35,0.32,13.4,100
2026-07-24,app.mkuker.com,apm_rewarded,13,0,2.09,1.88,160.96,100
2026-07-24,mkuker.com,aat_desktop_content_1,1,0,0,0,3.28,100
2026-07-24,mkuker.com,aat_desktop_content_1_rebid,1,0,0,0,0.05,100
2026-07-24,mkuker.com,aat_desktop_interstitial,4,0,0.05,0.05,11.74,100
2026-07-24,mkuker.com,aat_desktop_top,24,0,0.06,0.05,2.42,100
2026-07-24,mkuker.com,aat_desktop_top_rebid,6,0,0,0,0.37,100
2026-07-24,mkuker.com,aat_mobile_anchor,115,0,0.17,0.15,1.48,100
2026-07-24,mkuker.com,aat_mobile_content_1,30,0,0.05,0.05,1.6,100
2026-07-24,mkuker.com,aat_mobile_content_2,159,0,0.2,0.18,1.26,100
2026-07-24,mkuker.com,aat_mobile_interstitial,47,0,0.82,0.74,17.37,100
2026-07-24,mkuker.com,aat_mobile_top,497,0,0.74,0.67,1.5,100
2026-07-24,mkuker.com,aat_mobile_top_rebid,3,0,0,0,0.58,100
2026-07-24,mkuker.com,aat_rewarded,182,0,9.81,8.83,53.89,100
2026-07-24,mkuker.com,mku_desktop_interstitial,13,0,0.69,0.62,52.79,100
2026-07-24,mkuker.com,mku_desktop_top,101,0,1.49,1.34,14.75,100
2026-07-24,mkuker.com,mku_mobile_interstitial,1065,0,128.6,115.74,120.75,100
2026-07-24,mkuker.com,mku_mobile_top,16398,0,466.86,420.17,28.47,100
2026-07-24,mkuker.com,mku_rewarded,3960,0,1105.42,994.88,279.15,100
2026-07-25,app.mkuker.com,apm_mobile_interstitial,2,0,0.13,0.12,66.17,100
2026-07-25,app.mkuker.com,apm_mobile_top,29,0,0.2,0.18,6.74,100
2026-07-25,app.mkuker.com,apm_rewarded,16,0,3.79,3.41,236.95,100
2026-07-25,mkuker.com,aat_desktop_top,1,0,0,0,3.66,100
2026-07-25,mkuker.com,aat_mobile_anchor,110,0,0.19,0.17,1.7,100
2026-07-25,mkuker.com,aat_mobile_content_1,31,0,0.06,0.05,1.8,100
2026-07-25,mkuker.com,aat_mobile_content_2,178,0,0.31,0.28,1.77,100
2026-07-25,mkuker.com,aat_mobile_interstitial,43,0,0.96,0.86,22.43,100
2026-07-25,mkuker.com,aat_mobile_top,433,0,0.81,0.73,1.88,100
2026-07-25,mkuker.com,aat_mobile_top_rebid,1,0,0,0,0.83,100
2026-07-25,mkuker.com,aat_rewarded,159,0,12.05,10.85,75.79,100
2026-07-25,mkuker.com,mku_desktop_interstitial,6,0,0.8,0.72,133.55,100
2026-07-25,mkuker.com,mku_desktop_top,43,0,2.2,1.98,51.16,100
2026-07-25,mkuker.com,mku_mobile_interstitial,998,0,115.16,103.64,115.39,100
2026-07-25,mkuker.com,mku_mobile_top,15419,0,414.63,373.17,26.89,100
2026-07-25,mkuker.com,mku_rewarded,3540,0,1012.6,911.34,286.05,100
2026-07-26,app.mkuker.com,apm_mobile_interstitial,1,0,0.03,0.03,31.83,100
2026-07-26,app.mkuker.com,apm_mobile_top,19,0,0.19,0.17,9.95,100
2026-07-26,app.mkuker.com,apm_rewarded,9,0,0.86,0.77,95.55,100
2026-07-26,mkuker.com,aat_desktop_interstitial,1,0,0.03,0.03,31.34,100
2026-07-26,mkuker.com,aat_desktop_top,7,0,0.02,0.02,3.15,100
2026-07-26,mkuker.com,aat_mobile_anchor,142,0,0.28,0.25,1.99,100
2026-07-26,mkuker.com,aat_mobile_anchor_rebid,1,0,0,0,0.83,100
2026-07-26,mkuker.com,aat_mobile_content_1,35,0,0.06,0.05,1.85,100
2026-07-26,mkuker.com,aat_mobile_content_2,210,0,0.32,0.29,1.52,100
2026-07-26,mkuker.com,aat_mobile_interstitial,77,0,1.62,1.46,20.98,100
2026-07-26,mkuker.com,aat_mobile_top,727,0,1.51,1.36,2.08,100
2026-07-26,mkuker.com,aat_mobile_top_rebid,8,0,0,0,0.51,100
2026-07-26,mkuker.com,aat_rewarded,251,0,14.08,12.67,56.08,100
2026-07-26,mkuker.com,mku_desktop_interstitial,3,0,0.32,0.29,107.59,100
2026-07-26,mkuker.com,mku_desktop_top,53,0,1.14,1.03,21.59,100
2026-07-26,mkuker.com,mku_mobile_interstitial,748,0,95.53,85.98,127.71,100
2026-07-26,mkuker.com,mku_mobile_top,12778,0,365.18,328.66,28.58,100
2026-07-26,mkuker.com,mku_rewarded,3005,0,935.25,841.73,311.23,100
2026-07-27,app.mkuker.com,apm_desktop_interstitial,1,0,0.01,0.01,7.13,100
2026-07-27,app.mkuker.com,apm_desktop_top,5,0,0.01,0.01,1.09,100
2026-07-27,app.mkuker.com,apm_mobile_top,17,0,0.18,0.16,10.55,100
2026-07-27,app.mkuker.com,apm_rewarded,10,0,1.14,1.03,113.59,100
2026-07-27,mkuker.com,aat_desktop_interstitial,1,0,0.01,0.01,11.96,100
2026-07-27,mkuker.com,aat_desktop_top,4,0,0.01,0.01,1.5,100
2026-07-27,mkuker.com,aat_mobile_anchor,94,0,0.18,0.16,1.93,100
2026-07-27,mkuker.com,aat_mobile_content_1,25,0,0.06,0.05,2.47,100
2026-07-27,mkuker.com,aat_mobile_content_2,122,0,0.22,0.2,1.82,100
2026-07-27,mkuker.com,aat_mobile_interstitial,58,0,0.86,0.77,14.87,100
2026-07-27,mkuker.com,aat_mobile_top,573,0,1.03,0.93,1.79,100
2026-07-27,mkuker.com,aat_mobile_top_rebid,5,0,0,0,0.95,100
2026-07-27,mkuker.com,aat_rewarded,151,0,8.72,7.85,57.72,100
2026-07-27,mkuker.com,mku_desktop_interstitial,7,0,0.85,0.77,121.29,100
2026-07-27,mkuker.com,mku_desktop_top,64,0,2.96,2.66,46.18,100
2026-07-27,mkuker.com,mku_mobile_interstitial,934,0,129.09,116.18,138.21,100
2026-07-27,mkuker.com,mku_mobile_top,14988,0,454.69,409.22,30.34,100
2026-07-27,mkuker.com,mku_rewarded,3529,0,1106.09,995.48,313.43,100
2026-07-28,app.mkuker.com,apm_desktop_top,4,0,0.03,0.03,8.54,100
2026-07-28,app.mkuker.com,apm_mobile_interstitial,95,0,5.19,4.67,54.6,100
2026-07-28,app.mkuker.com,apm_mobile_top,1565,0,13.3,11.97,8.5,100
2026-07-28,app.mkuker.com,apm_rewarded,1438,0,264.66,238.19,184.05,100
2026-07-28,mkuker.com,aat_desktop_content_1,2,0,0.01,0.01,4.95,100
2026-07-28,mkuker.com,aat_desktop_interstitial,4,0,0.05,0.05,13.19,100
2026-07-28,mkuker.com,aat_desktop_top,18,0,0.04,0.04,2.39,100
2026-07-28,mkuker.com,aat_mobile_anchor,108,0,0.21,0.19,1.91,100
2026-07-28,mkuker.com,aat_mobile_content_1,36,0,0.07,0.06,1.82,100
2026-07-28,mkuker.com,aat_mobile_content_1_rebid,1,0,0,0,0.49,100
2026-07-28,mkuker.com,aat_mobile_content_2,192,0,0.32,0.29,1.65,100
2026-07-28,mkuker.com,aat_mobile_interstitial,73,0,1.14,1.03,15.68,100
2026-07-28,mkuker.com,aat_mobile_top,723,0,1.28,1.15,1.77,100
2026-07-28,mkuker.com,aat_mobile_top_rebid,25,0,0.01,0.01,0.26,100
2026-07-28,mkuker.com,aat_rewarded,251,0,13.37,12.03,53.27,100
2026-07-28,mkuker.com,mku_desktop_interstitial,9,0,1.04,0.94,115.03,100
2026-07-28,mkuker.com,mku_desktop_top,53,0,2.6,2.34,49.12,100
2026-07-28,mkuker.com,mku_mobile_interstitial,917,0,116.4,104.76,126.93,100
2026-07-28,mkuker.com,mku_mobile_top,13951,0,399.91,359.92,28.67,100
2026-07-28,mkuker.com,mku_rewarded,3358,0,987.24,888.52,294,100
2026-07-29,app.mkuker.com,apm_desktop_interstitial,2,0,0,0,0.67,100
2026-07-29,app.mkuker.com,apm_desktop_interstitial_rebid,1,0,0,0,0.99,100
2026-07-29,app.mkuker.com,apm_desktop_top,22,0,0.03,0.03,1.49,100
2026-07-29,app.mkuker.com,apm_mobile_interstitial,239,0,15.06,13.55,62.99,100
2026-07-29,app.mkuker.com,apm_mobile_interstitial_rebid,1,0,0,0,0.24,100
2026-07-29,app.mkuker.com,apm_mobile_top,3273,0,27.81,25.03,8.5,100
2026-07-29,app.mkuker.com,apm_rewarded,3046,0,419.61,377.65,137.76,100
2026-07-29,mkuker.com,aat_desktop_interstitial,1,0,0.02,0.02,20.48,100
2026-07-29,mkuker.com,aat_desktop_top,7,0,0.03,0.03,4.24,100
2026-07-29,mkuker.com,aat_mobile_anchor,60,0,0.15,0.14,2.56,100
2026-07-29,mkuker.com,aat_mobile_content_1,32,0,0.07,0.06,2.17,100
2026-07-29,mkuker.com,aat_mobile_content_2,112,0,0.26,0.23,2.29,100
2026-07-29,mkuker.com,aat_mobile_interstitial,60,0,1.07,0.96,17.81,100
2026-07-29,mkuker.com,aat_mobile_top,428,0,0.83,0.75,1.95,100
2026-07-29,mkuker.com,aat_mobile_top_rebid,1,0,0,0,0.56,100
2026-07-29,mkuker.com,aat_rewarded,178,0,10.35,9.31,58.13,100
2026-07-29,mkuker.com,mku_desktop_interstitial,6,0,0.6,0.54,100.55,100
2026-07-29,mkuker.com,mku_desktop_top,25,0,0.64,0.58,25.7,100
2026-07-29,mkuker.com,mku_mobile_interstitial,947,0,118.59,106.73,125.23,100
2026-07-29,mkuker.com,mku_mobile_top,13829,0,384.3,345.87,27.79,100
2026-07-29,mkuker.com,mku_rewarded,3248,0,945.87,851.28,291.22,100
2026-07-30,app.mkuker.com,apm_desktop_interstitial,6,0,0,0,0.77,100
2026-07-30,app.mkuker.com,apm_desktop_top,58,0,0.05,0.05,0.85,100
2026-07-30,app.mkuker.com,apm_desktop_top_rebid,15,0,0.01,0.01,0.39,100
2026-07-30,app.mkuker.com,apm_mobile_interstitial,217,0,10.99,9.89,50.65,100
2026-07-30,app.mkuker.com,apm_mobile_top,2256,0,22.65,20.38,10.04,100
2026-07-30,app.mkuker.com,apm_rewarded,2501,0,382.42,344.18,152.91,100
2026-07-30,mkuker.com,aat_desktop_interstitial,1,0,0.02,0.02,18.34,100
2026-07-30,mkuker.com,aat_desktop_top,12,0,0.04,0.04,3.3,100
2026-07-30,mkuker.com,aat_mobile_anchor,100,0,0.19,0.17,1.85,100
2026-07-30,mkuker.com,aat_mobile_anchor_rebid,1,0,0,0,0.93,100
2026-07-30,mkuker.com,aat_mobile_content_1,30,0,0.07,0.06,2.36,100
2026-07-30,mkuker.com,aat_mobile_content_2,152,0,0.18,0.16,1.16,100
2026-07-30,mkuker.com,aat_mobile_interstitial,74,0,1.16,1.04,15.67,100
2026-07-30,mkuker.com,aat_mobile_top,602,0,0.94,0.85,1.56,100
2026-07-30,mkuker.com,aat_mobile_top_rebid,9,0,0.01,0.01,0.91,100
2026-07-30,mkuker.com,aat_rewarded,197,0,10.04,9.04,50.95,100
2026-07-30,mkuker.com,bra_desktop_interstitial,1,0,0,0,0.44,100
2026-07-30,mkuker.com,bra_desktop_top,1,0,0,0,0.29,100
2026-07-30,mkuker.com,mku_desktop_interstitial,2,0,0.11,0.1,55.8,100
2026-07-30,mkuker.com,mku_desktop_top,8,0,0.07,0.06,8.21,100
2026-07-30,mkuker.com,mku_mobile_interstitial,683,0,80.33,72.3,117.61,100
2026-07-30,mkuker.com,mku_mobile_top,10440,0,267.76,240.98,25.65,100
2026-07-30,mkuker.com,mku_rewarded,2465,0,675.54,607.99,274.05,100
2026-07-31,app.mkuker.com,apm_mobile_interstitial,9,0,0.45,0.41,50.54,100
2026-07-31,app.mkuker.com,apm_mobile_top,74,0,0.4,0.36,5.47,100
2026-07-31,app.mkuker.com,apm_rewarded,59,0,11.13,10.02,188.62,100
2026-07-31,mkuker.com,aat_desktop_interstitial,1,0,0.01,0.01,10.75,100
2026-07-31,mkuker.com,aat_desktop_top,8,0,0.01,0.01,1.17,100
2026-07-31,mkuker.com,aat_mobile_anchor,71,0,0.15,0.14,2.15,100
2026-07-31,mkuker.com,aat_mobile_content_1,31,0,0.07,0.06,2.33,100
2026-07-31,mkuker.com,aat_mobile_content_1_rebid,1,0,0,0,3,100
2026-07-31,mkuker.com,aat_mobile_content_2,140,0,0.28,0.25,2.01,100
2026-07-31,mkuker.com,aat_mobile_interstitial,64,0,1.05,0.95,16.39,100
2026-07-31,mkuker.com,aat_mobile_top,447,0,0.8,0.72,1.79,100
2026-07-31,mkuker.com,aat_mobile_top_rebid,6,0,0.01,0.01,1.36,100
2026-07-31,mkuker.com,aat_rewarded,172,0,9.14,8.23,53.17,100
2026-07-31,mkuker.com,mku_desktop_interstitial,3,0,0.3,0.27,98.73,100
2026-07-31,mkuker.com,mku_desktop_top,33,0,1.04,0.94,31.62,100
2026-07-31,mkuker.com,mku_mobile_interstitial,313,0,35.32,31.79,112.84,100
2026-07-31,mkuker.com,mku_mobile_top,4892,0,115.27,103.74,23.56,100
2026-07-31,mkuker.com,mku_rewarded,1206,0,339.3,305.37,281.34,100
2026-07-31,mkuker.com,tec_mobile_fixed,3,0,0,0,0.11,100
2026-07-31,mkuker.com,tec_mobile_top,1,0,0,0,1.46,100
2026-08-01,app.mkuker.com,apm_mobile_interstitial,3,0,0.14,0.13,47.83,100
2026-08-01,app.mkuker.com,apm_mobile_top,17,0,0.09,0.08,5.47,100
2026-08-01,app.mkuker.com,apm_rewarded,25,0,1.88,1.69,75.36,100
2026-08-01,mkuker.com,aat_desktop_interstitial,1,0,0.01,0.01,6.49,100
2026-08-01,mkuker.com,aat_desktop_top,3,0,0.01,0.01,4.07,100
2026-08-01,mkuker.com,aat_mobile_anchor,153,0,0.22,0.2,1.42,100
2026-08-01,mkuker.com,aat_mobile_content_1,26,0,0.06,0.05,2.12,100
2026-08-01,mkuker.com,aat_mobile_content_2,185,0,0.25,0.23,1.36,100
2026-08-01,mkuker.com,aat_mobile_interstitial,60,0,0.81,0.73,13.55,100
2026-08-01,mkuker.com,aat_mobile_top,389,0,0.55,0.5,1.42,100
2026-08-01,mkuker.com,aat_mobile_top_rebid,16,0,0.01,0.01,0.39,100
2026-08-01,mkuker.com,aat_rewarded,148,0,6.27,5.64,42.39,100
2026-08-01,mkuker.com,mku_desktop_interstitial,7,0,0.78,0.7,110.9,100
2026-08-01,mkuker.com,mku_desktop_top,15,0,0.39,0.35,26.14,100
2026-08-01,mkuker.com,mku_mobile_interstitial,741,0,108.51,97.66,146.44,100
2026-08-01,mkuker.com,mku_mobile_top,10775,0,355.11,319.6,32.96,100
2026-08-01,mkuker.com,mku_rewarded,2580,0,799.48,719.53,309.88,100
2026-08-02,app.mkuker.com,apm_desktop_top,1,0,0,0,0.87,100
2026-08-02,app.mkuker.com,apm_mobile_interstitial,2,0,0.05,0.05,24.66,100
2026-08-02,app.mkuker.com,apm_mobile_top,21,0,0.06,0.05,3,100
2026-08-02,app.mkuker.com,apm_rewarded,17,0,1.58,1.42,93.18,100
2026-08-02,mkuker.com,aat_desktop_content_1,1,0,0,0,0.58,100
2026-08-02,mkuker.com,aat_desktop_interstitial,2,0,0.02,0.02,10.43,100
2026-08-02,mkuker.com,aat_desktop_top,7,0,0.01,0.01,0.97,100
2026-08-02,mkuker.com,aat_mobile_anchor,84,0,0.29,0.26,3.48,100
2026-08-02,mkuker.com,aat_mobile_anchor_rebid,3,0,0,0,1.25,100
2026-08-02,mkuker.com,aat_mobile_content_1,27,0,0.05,0.05,1.96,100
2026-08-02,mkuker.com,aat_mobile_content_2,138,0,0.25,0.23,1.81,100
2026-08-02,mkuker.com,aat_mobile_interstitial,64,0,1.02,0.92,15.99,100
2026-08-02,mkuker.com,aat_mobile_top,539,0,0.95,0.85,1.76,100
2026-08-02,mkuker.com,aat_mobile_top_rebid,9,0,0.01,0.01,0.83,100
2026-08-02,mkuker.com,aat_rewarded,223,0,11.09,9.98,49.75,100
2026-08-02,mkuker.com,app_mobile_interstitial,1,0,0.08,0.07,78.23,100
2026-08-02,mkuker.com,app_mobile_top,2,0,0.09,0.08,43.21,100
2026-08-02,mkuker.com,mku_desktop_interstitial,4,0,0.32,0.29,79.71,100
2026-08-02,mkuker.com,mku_desktop_top,30,0,0.66,0.59,21.86,100
2026-08-02,mkuker.com,mku_mobile_interstitial,1038,0,159.95,143.95,154.09,100
2026-08-02,mkuker.com,mku_mobile_top,15146,0,505.89,455.3,33.4,100
2026-08-02,mkuker.com,mku_rewarded,3626,0,1210.28,1089.25,333.78,100
2026-08-03,app.mkuker.com,apm_mobile_interstitial,2,0,0.01,0.01,5.27,100
2026-08-03,app.mkuker.com,apm_mobile_top,11,0,0.02,0.02,2.16,100
2026-08-03,app.mkuker.com,apm_rewarded,16,0,1.73,1.56,108.43,100
2026-08-03,mkuker.com,aat_desktop_interstitial,3,0,0.03,0.03,8.72,100
2026-08-03,mkuker.com,aat_desktop_top,16,0,0.03,0.03,1.74,100
2026-08-03,mkuker.com,aat_mobile_anchor,114,0,0.24,0.22,2.1,100
2026-08-03,mkuker.com,aat_mobile_anchor_rebid,9,0,0.02,0.02,2.62,100
2026-08-03,mkuker.com,aat_mobile_content_1,36,0,0.08,0.07,2.23,100
2026-08-03,mkuker.com,aat_mobile_content_2,205,0,0.29,0.26,1.41,100
2026-08-03,mkuker.com,aat_mobile_interstitial,58,0,2.72,2.45,46.94,100
2026-08-03,mkuker.com,aat_mobile_top,623,0,0.92,0.83,1.48,100
2026-08-03,mkuker.com,aat_mobile_top_rebid,6,0,0,0,0.27,100
2026-08-03,mkuker.com,aat_rewarded,242,0,12.33,11.1,50.93,100
2026-08-03,mkuker.com,mku_desktop_interstitial,5,0,0.89,0.8,178.03,100
2026-08-03,mkuker.com,mku_desktop_top,96,0,1.49,1.34,15.47,100
2026-08-03,mkuker.com,mku_mobile_interstitial,1139,0,154.13,138.72,135.32,100
2026-08-03,mkuker.com,mku_mobile_top,17752,0,518.36,466.52,29.2,100
2026-08-03,mkuker.com,mku_rewarded,4151,0,1269.52,1142.57,305.83,100
2026-08-04,app.mkuker.com,apm_mobile_interstitial,2,0,0.05,0.05,25.34,100
2026-08-04,app.mkuker.com,apm_mobile_top,9,0,0.03,0.03,2.93,100
2026-08-04,app.mkuker.com,apm_rewarded,13,0,1.75,1.57,134.76,100
2026-08-04,euro.mkuker.com,eur_mobile_top,0,0,0,0,0,0
2026-08-04,mkuker.com,aat_desktop_content_1,1,0,0,0,1.34,100
2026-08-04,mkuker.com,aat_desktop_interstitial,1,0,0.01,0.01,5.78,100
2026-08-04,mkuker.com,aat_desktop_top,8,0,0.02,0.02,2.74,100
2026-08-04,mkuker.com,aat_mobile_anchor,78,0,0.15,0.14,1.87,100
2026-08-04,mkuker.com,aat_mobile_content_1,29,0,0.05,0.05,1.81,100
2026-08-04,mkuker.com,aat_mobile_content_2,139,0,0.24,0.22,1.7,100
2026-08-04,mkuker.com,aat_mobile_interstitial,52,0,0.63,0.57,12.14,100
2026-08-04,mkuker.com,aat_mobile_top,517,0,0.79,0.71,1.53,100
2026-08-04,mkuker.com,aat_mobile_top_rebid,5,0,0,0,0.65,100
2026-08-04,mkuker.com,aat_rewarded,222,0,11.95,10.75,53.82,100
2026-08-04,mkuker.com,apt_desktop_top,1,0,0,0,0.64,100
2026-08-04,mkuker.com,god_mobile_interstitial,1,0,0,0,0.03,100
2026-08-04,mkuker.com,god_mobile_top,6,0,0,0,0.03,100
2026-08-04,mkuker.com,mku_desktop_interstitial,2,0,0.14,0.13,70.29,100
2026-08-04,mkuker.com,mku_desktop_top,19,0,0.31,0.28,16.54,100
2026-08-04,mkuker.com,mku_mobile_interstitial,948,0,117.13,105.42,123.56,100
2026-08-04,mkuker.com,mku_mobile_top,13984,0,428.4,385.56,30.63,100
2026-08-04,mkuker.com,mku_rewarded,3418,0,995.94,896.35,291.38,100
2026-08-04,mkuker.com,tec_desktop_interstitial,4,0,0.01,0.01,1.59,100
2026-08-04,mkuker.com,tec_desktop_top,12,0,0.01,0.01,0.82,100
2026-08-04,mkuker.com,tec_desktop_top_rebid,1,0,0,0,0.6,100
2026-08-05,app.mkuker.com,apm_mobile_interstitial,3,0,0.11,0.1,35.64,100
2026-08-05,app.mkuker.com,apm_mobile_top,19,0,0.32,0.29,17.09,100
2026-08-05,app.mkuker.com,apm_rewarded,11,0,1.58,1.42,143.62,100
2026-08-05,mkuker.com,aat_desktop_top,2,0,0,0,1.07,100
2026-08-05,mkuker.com,aat_mobile_anchor,95,0,0.17,0.15,1.75,100
2026-08-05,mkuker.com,aat_mobile_anchor_rebid,3,0,0,0,0.38,100
2026-08-05,mkuker.com,aat_mobile_content_1,26,0,0.03,0.03,1.29,100
2026-08-05,mkuker.com,aat_mobile_content_2,131,0,0.15,0.14,1.16,100
2026-08-05,mkuker.com,aat_mobile_interstitial,47,0,0.63,0.57,13.42,100
2026-08-05,mkuker.com,aat_mobile_top,445,0,0.65,0.59,1.47,100
2026-08-05,mkuker.com,aat_mobile_top_rebid,1,0,0,0,0.07,100
2026-08-05,mkuker.com,aat_rewarded,164,0,7.82,7.04,47.67,100
2026-08-05,mkuker.com,mku_desktop_interstitial,6,0,1.21,1.09,202.08,100
2026-08-05,mkuker.com,mku_desktop_top,45,0,2.81,2.53,62.49,100
2026-08-05,mkuker.com,mku_mobile_interstitial,868,0,120.7,108.63,139.06,100
2026-08-05,mkuker.com,mku_mobile_top,12755,0,434.55,391.1,34.07,100
2026-08-05,mkuker.com,mku_rewarded,3070,0,906.25,815.63,295.2,100
2026-08-05,mkuker.com,tec_mobile_anchor,6,0,0.03,0.03,4.42,100
2026-08-05,mkuker.com,tec_mobile_fixed,222,0,0.18,0.16,0.83,100
2026-08-05,mkuker.com,tec_mobile_fixed_rebid,34,0,0.03,0.03,0.75,100
2026-08-05,mkuker.com,tec_mobile_interstitial,42,0,3.96,3.56,94.28,100
2026-08-05,mkuker.com,tec_mobile_top,312,0,5.11,4.6,16.39,100
2026-08-05,mkuker.com,you_desktop_interstitial,3,0,0,0,0.36,100
2026-08-05,mkuker.com,you_desktop_top,27,0,0.01,0.01,0.37,100
2026-08-06,app.mkuker.com,apm_desktop_interstitial,1,0,0,0,2.58,100
2026-08-06,app.mkuker.com,apm_desktop_top,2,0,0,0,1.86,100
2026-08-06,app.mkuker.com,apm_mobile_interstitial,1,0,0.02,0.02,19.06,100
2026-08-06,app.mkuker.com,apm_mobile_top,11,0,0.32,0.29,28.95,100
2026-08-06,app.mkuker.com,apm_rewarded,9,0,0.77,0.69,85.03,100
2026-08-06,mkuker.com,aat_desktop_interstitial,2,0,0.02,0.02,8.25,100
2026-08-06,mkuker.com,aat_desktop_top,7,0,0.01,0.01,1.49,100
2026-08-06,mkuker.com,aat_mobile_anchor,53,0,0.1,0.09,1.94,100
2026-08-06,mkuker.com,aat_mobile_content_1,20,0,0.07,0.06,3.37,100
2026-08-06,mkuker.com,aat_mobile_content_2,86,0,0.17,0.15,2,100
2026-08-06,mkuker.com,aat_mobile_interstitial,27,0,0.36,0.32,13.5,100
2026-08-06,mkuker.com,aat_mobile_top,213,0,0.4,0.36,1.88,100
2026-08-06,mkuker.com,aat_rewarded,86,0,5.09,4.58,59.18,100
2026-08-06,mkuker.com,mku_desktop_interstitial,4,0,0.19,0.17,46.57,100
2026-08-06,mkuker.com,mku_desktop_top,25,0,0.5,0.45,20.17,100
2026-08-06,mkuker.com,mku_mobile_interstitial,862,0,105.53,94.98,122.43,100
2026-08-06,mkuker.com,mku_mobile_top,12419,0,391.31,352.18,31.51,100
2026-08-06,mkuker.com,mku_rewarded,3075,0,874.09,786.68,284.26,100
2026-08-06,mkuker.com,tec_desktop_interstitial_rebid,1,0,0,0,0.04,100
2026-08-06,mkuker.com,tec_mobile_fixed,9,0,0.01,0.01,0.84,100
2026-08-06,mkuker.com,tec_mobile_interstitial,3,0,0.02,0.02,8.18,100
2026-08-06,mkuker.com,tec_mobile_top,10,0,0.09,0.08,9.18,100
2026-08-07,app.mkuker.com,apm_desktop_top,1,0,0,0,0.8,100
2026-08-07,app.mkuker.com,apm_mobile_interstitial,1,0,0.2,0.18,197.9,100
2026-08-07,app.mkuker.com,apm_mobile_top,7,0,0.25,0.23,36.35,100
2026-08-07,app.mkuker.com,apm_rewarded,5,0,0.5,0.45,99.64,100
2026-08-07,mkuker.com,mku_desktop_interstitial,2,0,1.08,0.97,541.27,100
2026-08-07,mkuker.com,mku_desktop_top,15,0,0.53,0.48,35.04,100
2026-08-07,mkuker.com,mku_mobile_interstitial,403,0,56.27,50.64,139.64,100
2026-08-07,mkuker.com,mku_mobile_top,5986,0,199.06,179.15,33.25,100
2026-08-07,mkuker.com,mku_rewarded,1498,0,389.39,350.45,259.94,100
2026-08-07,mkuker.com,tec_mobile_interstitial,14,0,0.11,0.1,8.18,100
2026-08-07,mkuker.com,tec_mobile_interstitial_rebid,3,0,0.02,0.02,8.18,100
2026-08-07,mkuker.com,tec_mobile_top,3,0,0.01,0.01,3.91,100
2026-08-08,app.mkuker.com,apm_mobile_interstitial,1,0,0.04,0.04,44.63,100
2026-08-08,app.mkuker.com,apm_mobile_top,11,0,0.09,0.08,8.28,100
2026-08-08,app.mkuker.com,apm_rewarded,4,0,0.54,0.49,133.79,100
2026-08-08,mkuker.com,mku_desktop_top,6,0,0.06,0.05,9.86,100
2026-08-08,mkuker.com,mku_mobile_interstitial,419,0,45.53,40.98,108.65,100
2026-08-08,mkuker.com,mku_mobile_top,6507,0,169.59,152.63,26.06,100
2026-08-08,mkuker.com,mku_rewarded,1613,0,384.43,345.99,238.33,100
2026-08-08,mkuker.com,tec_mobile_interstitial,6,0,0.05,0.05,8.14,100
2026-08-08,mkuker.com,tec_mobile_interstitial_rebid,3,0,0.02,0.02,8.14,100
2026-08-08,mkuker.com,tec_mobile_top,5,0,0.02,0.02,4.28,100
2026-08-09,app.mkuker.com,apm_mobile_interstitial,1,0,0.05,0.05,49.96,100
2026-08-09,app.mkuker.com,apm_mobile_top,11,0,0.13,0.12,11.44,100
2026-08-09,app.mkuker.com,apm_rewarded,7,0,0.8,0.72,113.73,100
2026-08-09,mkuker.com,mku_desktop_interstitial,1,0,0.07,0.06,69.82,100
2026-08-09,mkuker.com,mku_desktop_top,18,0,0.24,0.22,13.31,100
2026-08-09,mkuker.com,mku_mobile_interstitial,304,0,37.42,33.68,123.09,100
2026-08-09,mkuker.com,mku_mobile_top,4230,0,125.87,113.28,29.76,100
2026-08-09,mkuker.com,mku_rewarded,1065,0,250.3,225.27,235.03,100
2026-08-09,mkuker.com,tec_mobile_interstitial,9,0,0.07,0.06,8.14,100
2026-08-09,mkuker.com,tec_mobile_interstitial_rebid,1,0,0.01,0.01,8.14,100
2026-08-10,app.mkuker.com,apm_mobile_top,3,0,0.04,0.04,12.12,100
2026-08-10,app.mkuker.com,apm_rewarded,5,0,0.21,0.19,41.92,100
2026-08-10,mkuker.com,mku_desktop_interstitial,3,0,0.22,0.2,72.18,100
2026-08-10,mkuker.com,mku_desktop_top,25,0,0.36,0.32,14.38,100
2026-08-10,mkuker.com,mku_mobile_interstitial,313,0,37.75,33.98,120.61,100
2026-08-10,mkuker.com,mku_mobile_top,4515,0,120.21,108.19,26.62,100
2026-08-10,mkuker.com,mku_rewarded,1170,0,284.04,255.64,242.76,100
2026-08-10,mkuker.com,tec_mobile_interstitial,6,0,0.05,0.05,8.19,100
2026-08-10,mkuker.com,tec_mobile_interstitial_rebid,3,0,0.02,0.02,8.19,100
2026-08-10,mkuker.com,tec_mobile_top,1,0,0,0,3.59,100
2026-08-11,app.mkuker.com,apm_mobile_top,5,0,0.01,0.01,1.86,100
2026-08-11,app.mkuker.com,apm_rewarded,4,0,0.81,0.73,203.17,100
2026-08-11,mkuker.com,god_desktop_interstitial,4,0,0,0,1.11,100
2026-08-11,mkuker.com,god_desktop_interstitial_rebid,1,0,0,0,0.12,100
2026-08-11,mkuker.com,god_desktop_top,27,0,0.05,0.05,1.81,100
2026-08-11,mkuker.com,god_desktop_top_rebid,4,0,0.01,0.01,2.92,100
2026-08-11,mkuker.com,god_mobile_anchor,3,0,0.01,0.01,2.89,100
2026-08-11,mkuker.com,god_mobile_interstitial,1,0,0.01,0.01,10.9,100
2026-08-11,mkuker.com,god_mobile_top,15,0,0.08,0.07,5.66,100
2026-08-11,mkuker.com,god_mobile_top_rebid,2,0,0,0,0.35,100
2026-08-11,mkuker.com,god_rewarded,11,0,0.19,0.17,17.11,100
2026-08-11,mkuker.com,mku_desktop_interstitial,1,0,0.33,0.3,334.29,100
2026-08-11,mkuker.com,mku_desktop_top,11,0,0.67,0.6,60.57,100
2026-08-11,mkuker.com,mku_mobile_interstitial,563,0,68.59,61.73,121.82,100
2026-08-11,mkuker.com,mku_mobile_top,8224,0,244.07,219.66,29.68,100
2026-08-11,mkuker.com,mku_rewarded,2026,0,513.55,462.19,253.48,100
2026-08-11,mkuker.com,tec_desktop_interstitial,1,0,0.04,0.04,38.64,100
2026-08-11,mkuker.com,tec_desktop_top,4,0,0.04,0.04,9.41,100
2026-08-11,mkuker.com,tec_mobile_anchor,35,0,0.25,0.23,7.02,100
2026-08-11,mkuker.com,tec_mobile_fixed,463,0,0.35,0.32,0.75,100
2026-08-11,mkuker.com,tec_mobile_fixed_rebid,42,0,0.03,0.03,0.61,100
2026-08-11,mkuker.com,tec_mobile_interstitial,80,0,4.08,3.67,50.97,100
2026-08-11,mkuker.com,tec_mobile_top,587,0,8.27,7.44,14.08,100
2026-08-12,app.mkuker.com,apm_mobile_top,5,0,0.04,0.04,8.87,100
2026-08-12,app.mkuker.com,apm_rewarded,5,0,0.33,0.3,66.54,100
2026-08-12,mkuker.com,god_desktop_interstitial,1,0,0,0,1.86,100
2026-08-12,mkuker.com,god_mobile_anchor,6,0,0.01,0.01,1.8,100
2026-08-12,mkuker.com,god_mobile_interstitial,9,0,0.15,0.14,16.36,100
2026-08-12,mkuker.com,god_mobile_top,24,0,0.06,0.05,2.36,100
2026-08-12,mkuker.com,god_rewarded,21,0,1.09,0.98,51.82,100
2026-08-12,mkuker.com,mku_desktop_interstitial,5,0,0.56,0.5,112.95,100
2026-08-12,mkuker.com,mku_desktop_top,48,0,1.11,1,23.05,100
2026-08-12,mkuker.com,mku_mobile_interstitial,1047,0,119.35,107.41,113.99,100
2026-08-12,mkuker.com,mku_mobile_top,14993,0,405.62,365.06,27.05,100
2026-08-12,mkuker.com,mku_rewarded,3626,0,934.68,841.21,257.77,100
2026-08-12,mkuker.com,tec_desktop_interstitial,1,0,0,0,3.09,100
2026-08-12,mkuker.com,tec_desktop_top,6,0,0.07,0.06,11.65,100
2026-08-12,mkuker.com,tec_mobile_anchor,24,0,0.13,0.12,5.49,100
2026-08-12,mkuker.com,tec_mobile_fixed,494,0,0.31,0.28,0.63,100
2026-08-12,mkuker.com,tec_mobile_fixed_rebid,57,0,0.03,0.03,0.53,100
2026-08-12,mkuker.com,tec_mobile_interstitial,89,0,3.86,3.47,43.37,100
2026-08-12,mkuker.com,tec_mobile_top,684,0,14.22,12.8,20.78,100
2026-08-12,mkuker.com,tec_mobile_top_rebid,1,0,0,0,0.39,100
2026-08-13,app.mkuker.com,apm_mobile_top,3,0,0.01,0.01,2.59,100
2026-08-13,app.mkuker.com,apm_rewarded,4,0,0.3,0.27,74.03,100
2026-08-13,mkuker.com,aat_mobile_content_2,1,0,0,0,0.18,100
2026-08-13,mkuker.com,aat_mobile_top,1,0,0,0,0.17,100
2026-08-13,mkuker.com,aat_rewarded,1,0,0,0,1.13,100
2026-08-13,mkuker.com,apt_desktop_top,1,0,0,0,1.05,100
2026-08-13,mkuker.com,bea_desktop_top,1,0,0,0,0.74,100
2026-08-13,mkuker.com,bea_desktop_top_rebid,1,0,0,0,1.23,100
2026-08-13,mkuker.com,god_mobile_anchor,9,0,0.05,0.05,5.07,100
2026-08-13,mkuker.com,god_mobile_interstitial,7,0,0.23,0.21,32.94,100
2026-08-13,mkuker.com,god_mobile_top,21,0,0.22,0.2,10.63,100
2026-08-13,mkuker.com,god_rewarded,16,0,1.02,0.92,63.73,100
2026-08-13,mkuker.com,mku_desktop_interstitial,2,0,0.15,0.14,73.07,100
2026-08-13,mkuker.com,mku_desktop_top,40,0,0.22,0.2,5.56,100
2026-08-13,mkuker.com,mku_mobile_interstitial,976,0,101.98,91.78,104.48,100
2026-08-13,mkuker.com,mku_mobile_top,13984,0,348.34,313.51,24.91,100
2026-08-13,mkuker.com,mku_rewarded,3370,0,868.81,781.93,257.81,100
2026-08-13,mkuker.com,tec_mobile_anchor,13,0,0.13,0.12,9.65,100
2026-08-13,mkuker.com,tec_mobile_fixed,303,0,0.16,0.14,0.53,100
2026-08-13,mkuker.com,tec_mobile_fixed_rebid,40,0,0.02,0.02,0.47,100
2026-08-13,mkuker.com,tec_mobile_interstitial,55,0,2.61,2.35,47.41,100
2026-08-13,mkuker.com,tec_mobile_top,416,0,10.43,9.39,25.08,100
2026-08-14,app.mkuker.com,apm_mobile_top,5,0,0.01,0.01,2.45,100
2026-08-14,app.mkuker.com,apm_rewarded,3,0,0.26,0.23,88.03,100
2026-08-14,mkuker.com,god_desktop_top,1,0,0,0,1.45,100
2026-08-14,mkuker.com,god_mobile_anchor,30,0,0.11,0.1,3.77,100
2026-08-14,mkuker.com,god_mobile_interstitial,6,0,0.12,0.11,20.04,100
2026-08-14,mkuker.com,god_mobile_top,42,0,0.62,0.56,14.65,100
2026-08-14,mkuker.com,god_mobile_top_rebid,1,0,0.01,0.01,5.5,100
2026-08-14,mkuker.com,god_rewarded,28,0,1.92,1.73,68.75,100
2026-08-14,mkuker.com,mku_desktop_interstitial,5,0,0.26,0.23,52.17,100
2026-08-14,mkuker.com,mku_desktop_top,37,0,1.28,1.15,34.6,100
2026-08-14,mkuker.com,mku_mobile_interstitial,905,0,96.87,87.18,107.04,100
2026-08-14,mkuker.com,mku_mobile_top,13277,0,315.22,283.7,23.74,100
2026-08-14,mkuker.com,mku_rewarded,3225,0,800.5,720.45,248.22,100
2026-08-14,mkuker.com,tec_desktop_top,1,0,0,0,4.82,100
2026-08-14,mkuker.com,tec_mobile_anchor,36,0,0.46,0.41,12.87,100
2026-08-14,mkuker.com,tec_mobile_fixed,518,0,0.79,0.71,1.52,100
2026-08-14,mkuker.com,tec_mobile_fixed_rebid,18,0,0.02,0.02,0.95,100
2026-08-14,mkuker.com,tec_mobile_interstitial,91,0,5.84,5.26,64.2,100
2026-08-14,mkuker.com,tec_mobile_top,597,0,7.94,7.15,13.3,100
2026-08-14,mkuker.com,you_desktop_interstitial,2,0,0,0,0.47,100
2026-08-14,mkuker.com,you_desktop_top,19,0,0.04,0.04,2.28,100
2026-08-14,mkuker.com,you_desktop_top_rebid,1,0,0,0,0.91,100
2026-08-15,app.mkuker.com,apm_mobile_interstitial,1,0,0.04,0.04,39.13,100
2026-08-15,app.mkuker.com,apm_mobile_top,12,0,0.07,0.06,5.93,100
2026-08-15,app.mkuker.com,apm_rewarded,3,0,0.23,0.21,77.65,100
2026-08-15,mkuker.com,aat_mobile_content_2,1,0,0,0,0.24,100
2026-08-15,mkuker.com,aat_mobile_top,5,0,0,0,0.45,100
2026-08-15,mkuker.com,aat_rewarded,3,0,0.09,0.08,29.79,100
2026-08-15,mkuker.com,god_mobile_anchor,8,0,0.05,0.05,6.38,100
2026-08-15,mkuker.com,god_mobile_interstitial,6,0,0.21,0.19,34.71,100
2026-08-15,mkuker.com,god_mobile_top,39,0,0.17,0.15,4.32,100
2026-08-15,mkuker.com,god_rewarded,18,0,1.28,1.15,71.05,100
2026-08-15,mkuker.com,mku_desktop_interstitial,2,0,0.18,0.16,92.47,100
2026-08-15,mkuker.com,mku_desktop_top,21,0,0.84,0.76,40.2,100
2026-08-15,mkuker.com,mku_mobile_interstitial,745,0,84.53,76.08,113.47,100
2026-08-15,mkuker.com,mku_mobile_top,10491,0,253.83,228.45,24.2,100
2026-08-15,mkuker.com,mku_rewarded,2482,0,646.46,581.81,260.46,100
2026-08-15,mkuker.com,tec_mobile_anchor,15,0,0.1,0.09,6.36,100
2026-08-15,mkuker.com,tec_mobile_fixed,294,0,0.47,0.42,1.6,100
2026-08-15,mkuker.com,tec_mobile_fixed_rebid,7,0,0.01,0.01,0.97,100
2026-08-15,mkuker.com,tec_mobile_interstitial,45,0,1.92,1.73,42.63,100
2026-08-15,mkuker.com,tec_mobile_top,367,0,5.09,4.58,13.86,100
2026-08-16,app.mkuker.com,apm_mobile_top,8,0,0.05,0.05,5.89,100
2026-08-16,app.mkuker.com,apm_rewarded,3,0,0.51,0.46,171.41,100
2026-08-16,euro.mkuker.com,eur_mobile_top,1,0,0,0,0.57,100
2026-08-16,mkuker.com,god_desktop_top,2,0,0,0,2.29,100
2026-08-16,mkuker.com,god_mobile_anchor,4,0,0.01,0.01,2.55,100
2026-08-16,mkuker.com,god_mobile_interstitial,12,0,0.26,0.23,22.06,100
2026-08-16,mkuker.com,god_mobile_top,30,0,0.08,0.07,2.82,100
2026-08-16,mkuker.com,god_rewarded,21,0,0.89,0.8,42.58,100
2026-08-16,mkuker.com,jpa_desktop_interstitial,1,0,0,0,0.48,100
2026-08-16,mkuker.com,jpa_desktop_top,2,0,0,0,0.03,100
2026-08-16,mkuker.com,mku_desktop_interstitial,1,0,0.06,0.05,58.81,100
2026-08-16,mkuker.com,mku_desktop_top,31,0,0.63,0.57,20.4,100
2026-08-16,mkuker.com,mku_mobile_interstitial,741,0,84.06,75.65,113.45,100
2026-08-16,mkuker.com,mku_mobile_top,11136,0,264.43,237.99,23.75,100
2026-08-16,mkuker.com,mku_rewarded,2691,0,700.07,630.06,260.15,100
2026-08-16,mkuker.com,tec_mobile_anchor,46,0,0.25,0.23,5.46,100
2026-08-16,mkuker.com,tec_mobile_fixed,525,0,0.51,0.46,0.97,100
2026-08-16,mkuker.com,tec_mobile_fixed_rebid,21,0,0.01,0.01,0.31,100
2026-08-16,mkuker.com,tec_mobile_interstitial,101,0,4.05,3.65,40.13,100
2026-08-16,mkuker.com,tec_mobile_top,666,0,5.68,5.11,8.53,100
2026-08-16,mkuker.com,tec_mobile_top_rebid,1,0,0,0,1.04,100
2026-08-17,app.mkuker.com,apm_mobile_top,10,0,0.08,0.07,8.13,100
2026-08-17,app.mkuker.com,apm_rewarded,5,0,0.47,0.42,93.17,100
2026-08-17,mkuker.com,god_desktop_interstitial,1,0,0.03,0.03,30.55,100
2026-08-17,mkuker.com,god_desktop_top,17,0,0.02,0.02,1.02,100
2026-08-17,mkuker.com,god_mobile_interstitial,6,0,0.11,0.1,18.47,100
2026-08-17,mkuker.com,god_mobile_top,43,0,0.08,0.07,1.81,100
2026-08-17,mkuker.com,god_rewarded,18,0,0.63,0.57,35.03,100
2026-08-17,mkuker.com,jpa_mobile_top,1,0,0,0,0.03,100
2026-08-17,mkuker.com,lap_desktop_top,2,0,0,0,1.16,100
2026-08-17,mkuker.com,mku_desktop_interstitial,5,0,0.41,0.37,82.4,100
2026-08-17,mkuker.com,mku_desktop_top,41,0,0.78,0.7,18.97,100
2026-08-17,mkuker.com,mku_mobile_interstitial,864,0,94.89,85.4,109.83,100
2026-08-17,mkuker.com,mku_mobile_top,12458,0,295.97,266.37,23.76,100
2026-08-17,mkuker.com,mku_rewarded,2885,0,717.98,646.18,248.87,100
2026-08-17,mkuker.com,tec_desktop_top,1,0,0,0,3.04,100
2026-08-17,mkuker.com,tec_mobile_anchor,29,0,0.19,0.17,6.44,100
2026-08-17,mkuker.com,tec_mobile_fixed,471,0,0.44,0.4,0.94,100
2026-08-17,mkuker.com,tec_mobile_fixed_rebid,17,0,0.01,0.01,0.59,100
2026-08-17,mkuker.com,tec_mobile_interstitial,83,0,2.92,2.63,35.14,100
2026-08-17,mkuker.com,tec_mobile_top,583,0,5.69,5.12,9.76,100
2026-08-17,mkuker.com,you_desktop_interstitial,1,0,0,0,1.2,100
2026-08-17,mkuker.com,you_desktop_interstitial_rebid,1,0,0,0,2.2,100
2026-08-17,mkuker.com,you_desktop_top,1,0,0,0,1.73,100
2026-08-17,mkuker.com,you_desktop_top_rebid,2,0,0,0,0.66,100
2026-08-18,app.mkuker.com,apm_mobile_top,4,0,0,0,1.25,100
2026-08-18,app.mkuker.com,apm_rewarded,2,0,0.2,0.18,100.57,100
2026-08-18,mkuker.com,bel_desktop_interstitial,1,0,0,0,0.04,100
2026-08-18,mkuker.com,bel_desktop_interstitial_rebid,1,0,0,0,0.08,100
2026-08-18,mkuker.com,bel_desktop_top,11,0,0,0,0.41,100
2026-08-18,mkuker.com,bel_desktop_top_rebid,3,0,0,0,0.05,100
2026-08-18,mkuker.com,enm_desktop_top,1,0,0,0,0.04,100
2026-08-18,mkuker.com,god_desktop_content_1,25,0,0.04,0.04,1.54,100
2026-08-18,mkuker.com,god_desktop_content_1_rebid,2,0,0,0,0.37,100
2026-08-18,mkuker.com,god_desktop_content_2,1,0,0,0,0.7,100
2026-08-18,mkuker.com,god_desktop_content_2_rebid,1,0,0,0,0.38,100
2026-08-18,mkuker.com,god_desktop_interstitial,5,0,0,0,0.74,100
2026-08-18,mkuker.com,god_desktop_interstitial_rebid,1,0,0,0,0.03,100
2026-08-18,mkuker.com,god_desktop_top,8,0,0.01,0.01,1.14,100
2026-08-18,mkuker.com,god_desktop_top_rebid,5,0,0,0,0.52,100
2026-08-18,mkuker.com,god_mobile_anchor,33,0,0.13,0.12,3.8,100
2026-08-18,mkuker.com,god_mobile_content_1,1,0,0,0,1.54,100
2026-08-18,mkuker.com,god_mobile_content_2,8,0,0.03,0.03,3.66,100
2026-08-18,mkuker.com,god_mobile_interstitial,6,0,0.09,0.08,14.54,100
2026-08-18,mkuker.com,god_mobile_top,90,0,0.3,0.27,3.35,100
2026-08-18,mkuker.com,god_mobile_top_rebid,2,0,0,0,1.34,100
2026-08-18,mkuker.com,god_rewarded,26,0,2.83,2.55,108.97,100
2026-08-18,mkuker.com,lap_desktop_top,1,0,0,0,0.65,100
2026-08-18,mkuker.com,mku_desktop_top,3,0,0.01,0.01,3.78,100
2026-08-18,mkuker.com,mku_mobile_interstitial,731,0,79.47,71.52,108.71,100
2026-08-18,mkuker.com,mku_mobile_top,11338,0,303.05,272.75,26.73,100
2026-08-18,mkuker.com,mku_rewarded,2709,0,697.87,628.08,257.61,100
2026-08-18,mkuker.com,tec_desktop_interstitial,1,0,0.01,0.01,11.38,100
2026-08-18,mkuker.com,tec_desktop_top,1,0,0,0,1.66,100
2026-08-18,mkuker.com,tec_mobile_anchor,22,0,0.31,0.28,14.18,100
2026-08-18,mkuker.com,tec_mobile_fixed,393,0,0.49,0.44,1.26,100
2026-08-18,mkuker.com,tec_mobile_fixed_rebid,3,0,0,0,0.36,100
2026-08-18,mkuker.com,tec_mobile_interstitial,64,0,2.35,2.12,36.71,100
2026-08-18,mkuker.com,tec_mobile_top,414,0,5.49,4.94,13.27,100
2026-08-18,mkuker.com,you_mobile_interstitial,1,0,0.04,0.04,43.35,100
2026-08-18,mkuker.com,you_mobile_top,5,0,0.04,0.04,8.95,100
2026-08-19,app.mkuker.com,apm_mobile_interstitial,2,0,0.11,0.1,53.14,100
2026-08-19,app.mkuker.com,apm_mobile_top,10,0,0.05,0.05,4.71,100
2026-08-19,app.mkuker.com,apm_rewarded,4,0,0.46,0.41,113.76,100
2026-08-19,mkuker.com,aat_mobile_anchor,5,0,0,0,0.77,100
2026-08-19,mkuker.com,aat_mobile_content_1,1,0,0,0,0.85,100
2026-08-19,mkuker.com,aat_mobile_content_2,7,0,0,0,0.6,100
2026-08-19,mkuker.com,aat_mobile_interstitial,1,0,0.02,0.02,15.94,100
2026-08-19,mkuker.com,aat_mobile_top,7,0,0,0,0.59,100
2026-08-19,mkuker.com,aat_rewarded,1,0,0.02,0.02,21.57,100
2026-08-19,mkuker.com,apt_mobile_top,1,0,0,0,0.3,100
2026-08-19,mkuker.com,bel_desktop_interstitial,3,0,0,0,0.94,100
2026-08-19,mkuker.com,bel_desktop_interstitial_rebid,1,0,0,0,0.05,100
2026-08-19,mkuker.com,bel_desktop_top,23,0,0.04,0.04,1.65,100
2026-08-19,mkuker.com,bel_desktop_top_rebid,3,0,0,0,0.49,100
2026-08-19,mkuker.com,god_desktop_content_1,7,0,0.01,0.01,1.7,100
2026-08-19,mkuker.com,god_desktop_content_1_rebid,2,0,0,0,0.35,100
2026-08-19,mkuker.com,god_desktop_top,3,0,0,0,1.11,100
2026-08-19,mkuker.com,god_mobile_anchor,7,0,0.04,0.04,6.25,100
2026-08-19,mkuker.com,god_mobile_interstitial,11,0,0.18,0.16,16.01,100
2026-08-19,mkuker.com,god_mobile_top,51,0,0.18,0.16,3.5,100
2026-08-19,mkuker.com,god_mobile_top_rebid,2,0,0,0,0.44,100
2026-08-19,mkuker.com,god_rewarded,9,0,0.55,0.5,61.62,100
2026-08-19,mkuker.com,mku_desktop_interstitial,1,0,0,0,2.02,100
2026-08-19,mkuker.com,mku_desktop_top,23,0,0.66,0.59,28.72,100
2026-08-19,mkuker.com,mku_mobile_interstitial,744,0,77.87,70.08,104.66,100
2026-08-19,mkuker.com,mku_mobile_top,11601,0,308.26,277.43,26.57,100
2026-08-19,mkuker.com,mku_rewarded,2795,0,733.46,660.11,262.42,100
2026-08-19,mkuker.com,tec_mobile_fixed,1,0,0,0,0.75,100
2026-08-19,mkuker.com,tec_mobile_top,1,0,0,0,2.88,100
2026-08-19,mkuker.com,you_mobile_top,3,0,0.01,0.01,3.15,100
2026-08-19,receitasmenu.com,receitasmenu.com,2,0,0,0,0.67,100
2026-08-20,app.mkuker.com,apm_desktop_interstitial,1,0,0.08,0.07,77.65,100
2026-08-20,app.mkuker.com,apm_desktop_top,1,0,0.02,0.02,17.32,100
2026-08-20,app.mkuker.com,apm_mobile_top,7,0,0.02,0.02,3.07,100
2026-08-20,app.mkuker.com,apm_rewarded,2,0,0.32,0.29,160.81,100
2026-08-20,mkuker.com,bel_desktop_interstitial,7,0,0.02,0.02,2.45,100
2026-08-20,mkuker.com,bel_desktop_top,44,0,0.07,0.06,1.51,100
2026-08-20,mkuker.com,god_desktop_content_1,13,0,0.03,0.03,2.48,100
2026-08-20,mkuker.com,god_desktop_top,1,0,0,0,0.7,100
2026-08-20,mkuker.com,god_mobile_anchor,8,0,0.06,0.05,7.88,100
2026-08-20,mkuker.com,god_mobile_interstitial,8,0,0.14,0.13,17.67,100
2026-08-20,mkuker.com,god_mobile_top,55,0,0.42,0.38,7.7,100
2026-08-20,mkuker.com,god_rewarded,11,0,0.38,0.34,34.37,100
2026-08-20,mkuker.com,koa_mobile_top,1,0,0,0,2.71,100
2026-08-20,mkuker.com,mku_desktop_interstitial,2,0,0.39,0.35,196.8,100
2026-08-20,mkuker.com,mku_desktop_top,40,0,0.97,0.87,24.15,100
2026-08-20,mkuker.com,mku_mobile_interstitial,964,0,110.28,99.25,114.4,100
2026-08-20,mkuker.com,mku_mobile_top,14904,0,409.22,368.3,27.46,100
2026-08-20,mkuker.com,mku_rewarded,3548,0,937.95,844.16,264.36,100
2026-08-20,mkuker.com,tec_mobile_top,1,0,0,0,3.44,100
2026-08-20,mkuker.com,you_mobile_top,2,0,0.01,0.01,5.82,100
2026-08-20,receitasmenu.com,Ad Exchange Display,246,0,9.97,8.97,40.51,100
2026-08-20,receitasmenu.com,receitasmenu.com,3288,0,85.58,77.02,26.03,100
2026-08-21,app.mkuker.com,apm_mobile_interstitial,1,0,0.02,0.02,21.89,100
2026-08-21,app.mkuker.com,apm_mobile_top,8,0,0.03,0.03,4.33,100
2026-08-21,app.mkuker.com,apm_rewarded,5,0,0.47,0.42,93.35,100
2026-08-21,mkuker.com,bel_desktop_interstitial,1,0,0,0,0.92,100
2026-08-21,mkuker.com,bel_desktop_top,4,0,0.02,0.02,4.01,100
2026-08-21,mkuker.com,god_desktop_top,2,0,0,0,1.38,100
2026-08-21,mkuker.com,god_mobile_top,28,0,0.08,0.07,3,100
2026-08-21,mkuker.com,god_rewarded,10,0,0.91,0.82,90.54,100
2026-08-21,mkuker.com,mku_desktop_interstitial,7,0,0.41,0.37,59.19,100
2026-08-21,mkuker.com,mku_desktop_top,97,0,2.27,2.04,23.37,100
2026-08-21,mkuker.com,mku_mobile_interstitial,868,0,99.14,89.23,114.21,100
2026-08-21,mkuker.com,mku_mobile_top,14664,0,354.21,318.79,24.15,100
2026-08-21,mkuker.com,mku_rewarded,3462,0,839.18,755.26,242.4,100
2026-08-21,mkuker.com,you_mobile_interstitial,2,0,0.13,0.12,66.13,100
2026-08-21,mkuker.com,you_mobile_top,10,0,0.1,0.09,10.13,100
2026-08-21,receitasmenu.com,Ad Exchange Display,123,0,6.89,6.2,56.03,100
2026-08-21,receitasmenu.com,receitasmenu.com,5541,0,113.64,102.28,20.51,100
2026-08-22,app.mkuker.com,apm_mobile_interstitial,1,0,0.02,0.02,17.19,100
2026-08-22,app.mkuker.com,apm_mobile_top,11,0,0.02,0.02,1.85,100
2026-08-22,app.mkuker.com,apm_rewarded,1,0,0.02,0.02,24.79,100
2026-08-22,mkuker.com,god_desktop_top,1,0,0,0,0.17,100
2026-08-22,mkuker.com,god_mobile_interstitial,2,0,0.02,0.02,11.86,100
2026-08-22,mkuker.com,god_mobile_top,15,0,0.05,0.05,3.43,100
2026-08-22,mkuker.com,god_rewarded,9,0,0.56,0.5,62.23,100
2026-08-22,mkuker.com,mku_desktop_interstitial,1,0,0.5,0.45,499.04,100
2026-08-22,mkuker.com,mku_desktop_top,16,0,0.22,0.2,13.69,100
2026-08-22,mkuker.com,mku_mobile_interstitial,1069,0,110.82,99.74,103.67,100
2026-08-22,mkuker.com,mku_mobile_top,16049,0,378.19,340.37,23.56,100
2026-08-22,mkuker.com,mku_rewarded,3919,0,944.99,850.49,241.13,100
2026-08-22,mkuker.com,you_mobile_interstitial,3,0,0.12,0.11,39.54,100
2026-08-22,mkuker.com,you_mobile_top,6,0,0.06,0.05,10.66,100
2026-08-22,receitasmenu.com,receitasmenu.com,2191,0,49.69,44.72,22.68,100
2026-08-23,app.mkuker.com,apm_mobile_top,3,0,0.01,0.01,3.27,100
2026-08-23,mkuker.com,god_desktop_interstitial,1,0,0.02,0.02,17.26,100
2026-08-23,mkuker.com,god_desktop_top,3,0,0,0,0.74,100
2026-08-23,mkuker.com,god_mobile_top,7,0,0.02,0.02,3.03,100
2026-08-23,mkuker.com,god_rewarded,2,0,0.16,0.14,78.43,100
2026-08-23,mkuker.com,mku_desktop_interstitial,3,0,0.69,0.62,229.23,100
2026-08-23,mkuker.com,mku_desktop_top,14,0,0.86,0.77,61.29,100
2026-08-23,mkuker.com,mku_mobile_interstitial,598,0,64.85,58.36,108.45,100
2026-08-23,mkuker.com,mku_mobile_top,6922,0,213.34,192.01,30.82,100
2026-08-23,mkuker.com,mku_rewarded,2041,0,517.24,465.52,253.43,100
2026-08-23,mkuker.com,you_mobile_anchor,1,0,0,0,1.99,100
2026-08-23,mkuker.com,you_mobile_interstitial,2,0,0.12,0.11,59.51,100
2026-08-23,mkuker.com,you_mobile_top,9,0,0.11,0.1,12.6,100
2026-08-23,receitasmenu.com,receitasmenu.com,1466,0,35.37,31.83,24.13,100
